{
  "rf": {
    "tp": 47,
    "fp": 0,
    "fn": 6,
    "tn": 90,
    "accuracy": 0.958041958041958,
    "precision": 1.0,
    "recall": 0.8867924528301887,
    "f1": 0.94
  },
  "svm": {
    "tp": 49,
    "fp": 0,
    "fn": 4,
    "tn": 90,
    "accuracy": 0.972027972027972,
    "precision": 1.0,
    "recall": 0.9245283018867925,
    "f1": 0.9607843137254902
  },
  "mcnemar": {
    "n01": 3,
    "n10": 1,
    "statistic": 0.25,
    "pvalue": 0.6170750774519739
  },
  "bootstrap_recall_diff": [
    -0.07440304577150349,
    -0.15999999999999992,
    -0.016523224043715836
  ],
  "bootstrap_f1_diff": [
    -0.04065567166408746,
    -0.08984126984126986,
    -0.008756360596959507
  ]
}